{"inputUnits":[63],"outputUnits":6,"inputs":{"0":{"dtype":"number","min":0.2527495324611664,"max":0.8051792979240417},"1":{"dtype":"number","min":0.6354862451553345,"max":0.9988957643508911},"2":{"dtype":"number","min":-5.632085162687872e-7,"max":7.701034405727114e-7},"3":{"dtype":"number","min":0.2757831811904907,"max":0.7663449048995972},"4":{"dtype":"number","min":0.5664154291152954,"max":0.9545422792434692},"5":{"dtype":"number","min":-0.039720479398965836,"max":0.02115631103515625},"6":{"dtype":"number","min":0.28059348464012146,"max":0.7643576860427856},"7":{"dtype":"number","min":0.49227964878082275,"max":0.9048582315444946},"8":{"dtype":"number","min":-0.06743244081735611,"max":0.025471389293670654},"9":{"dtype":"number","min":0.3057518005371094,"max":0.7556310296058655},"10":{"dtype":"number","min":0.4371698498725891,"max":0.8680574893951416},"11":{"dtype":"number","min":-0.08943898975849152,"max":0.02841770462691784},"12":{"dtype":"number","min":0.27565997838974,"max":0.7800698280334473},"13":{"dtype":"number","min":0.3976982831954956,"max":0.8519297242164612},"14":{"dtype":"number","min":-0.10709857940673828,"max":0.029729291796684265},"15":{"dtype":"number","min":0.27034106850624084,"max":0.7730424404144287},"16":{"dtype":"number","min":0.395134836435318,"max":0.7740829586982727},"17":{"dtype":"number","min":-0.04897097870707512,"max":0.03411554917693138},"18":{"dtype":"number","min":0.30805638432502747,"max":0.757045567035675},"19":{"dtype":"number","min":0.36753395199775696,"max":0.7172688245773315},"20":{"dtype":"number","min":-0.07906059920787811,"max":0.02741565741598606},"21":{"dtype":"number","min":0.3151923418045044,"max":0.748890221118927},"22":{"dtype":"number","min":0.31621113419532776,"max":0.6952253580093384},"23":{"dtype":"number","min":-0.10036077350378036,"max":0.015479064546525478},"24":{"dtype":"number","min":0.3167113959789276,"max":0.7453286051750183},"25":{"dtype":"number","min":0.2612078785896301,"max":0.6714520454406738},"26":{"dtype":"number","min":-0.11313000321388245,"max":0.005679507739841938},"27":{"dtype":"number","min":0.2551853656768799,"max":0.769943118095398},"28":{"dtype":"number","min":0.4045405685901642,"max":0.7690700888633728},"29":{"dtype":"number","min":-0.04725770652294159,"max":0.018540222197771072},"30":{"dtype":"number","min":0.24082623422145844,"max":0.7640150785446167},"31":{"dtype":"number","min":0.38302382826805115,"max":0.7094185948371887},"32":{"dtype":"number","min":-0.08004602044820786,"max":0.012398653663694859},"33":{"dtype":"number","min":0.2462235391139984,"max":0.7582002282142639},"34":{"dtype":"number","min":0.3363954424858093,"max":0.7604173421859741},"35":{"dtype":"number","min":-0.09509062767028809,"max":-0.0006227002595551312},"36":{"dtype":"number","min":0.24164380133152008,"max":0.7620318531990051},"37":{"dtype":"number","min":0.2747090756893158,"max":0.779891848564148},"38":{"dtype":"number","min":-0.10138741880655289,"max":-0.009088389575481415},"39":{"dtype":"number","min":0.21712642908096313,"max":0.804158091545105},"40":{"dtype":"number","min":0.4345940351486206,"max":0.7917945384979248},"41":{"dtype":"number","min":-0.06629419326782227,"max":0.0005165103357285261},"42":{"dtype":"number","min":0.20389202237129211,"max":0.801596462726593},"43":{"dtype":"number","min":0.4212222099304199,"max":0.7853572368621826},"44":{"dtype":"number","min":-0.09589327871799469,"max":-0.005337226204574108},"45":{"dtype":"number","min":0.23264464735984802,"max":0.7890973687171936},"46":{"dtype":"number","min":0.38656988739967346,"max":0.8235192894935608},"47":{"dtype":"number","min":-0.10808464139699936,"max":-0.0008900684188120067},"48":{"dtype":"number","min":0.2548457086086273,"max":0.7828529477119446},"49":{"dtype":"number","min":0.3376255929470062,"max":0.8459258079528809},"50":{"dtype":"number","min":-0.1224621832370758,"max":0.0013714591041207314},"51":{"dtype":"number","min":0.1830035150051117,"max":0.8389649987220764},"52":{"dtype":"number","min":0.46821293234825134,"max":0.8456637859344482},"53":{"dtype":"number","min":-0.08713816106319427,"max":-0.005375440698117018},"54":{"dtype":"number","min":0.185410276055336,"max":0.8323094844818115},"55":{"dtype":"number","min":0.4557282030582428,"max":0.8364672064781189},"56":{"dtype":"number","min":-0.1061740592122078,"max":-0.0067723761312663555},"57":{"dtype":"number","min":0.21581685543060303,"max":0.8183130025863647},"58":{"dtype":"number","min":0.4746958911418915,"max":0.860266923904419},"59":{"dtype":"number","min":-0.11509013175964355,"max":0.0006814835942350328},"60":{"dtype":"number","min":0.2362613081932068,"max":0.8228721022605896},"61":{"dtype":"number","min":0.43016931414604187,"max":0.8891614079475403},"62":{"dtype":"number","min":-0.11272463947534561,"max":0.007893321104347706}},"outputs":{"label":{"dtype":"string","min":0,"max":1,"uniqueValues":["one","two","three","four","five","fist"],"legend":{"one":[1,0,0,0,0,0],"two":[0,1,0,0,0,0],"three":[0,0,1,0,0,0],"four":[0,0,0,1,0,0],"five":[0,0,0,0,1,0],"fist":[0,0,0,0,0,1]}}},"isNormalized":true}